,Year,Model,Cluster,Features
0,2006,NMF,0.0,google site users search web video service like people yahoo
1,2006,NMF,1.0,million company venture capital raised round partners ventures funding said
2,2006,NMF,2.0,story digg posted valley mercury news venturebeat silicon money couple
3,2006,NMF,3.0,phone ipod mobile like apple new zune camera music usb
4,2006,NMF,4.0,wii nintendo games console game playstation sony controller xbox play
5,2006,LDA,0.0,like new phone ll ipod mobile don games apple sony
6,2006,LDA,1.0,google search yahoo new site web like users com page
7,2006,LDA,2.0,site video people youtube social like company users new news
8,2006,LDA,3.0,service users video mobile music free web use services online
9,2006,LDA,4.0,company million venture companies capital said raised round year partners
10,2006,NMF,0.0,google site users search web service video like people new
11,2006,NMF,1.0,million company venture capital raised round partners ventures funding said
12,2006,NMF,2.0,story digg posted valley mercury news venturebeat silicon money couple
13,2006,NMF,3.0,phone mobile phones cingular bluetooth camera samsung skype nokia cell
14,2006,NMF,4.0,ipod zune apple music like player usb video ll drive
15,2006,NMF,5.0,wii nintendo console games game playstation controller ds play sony
16,2006,LDA,0.0,like phone new ll don games mobile time product wii
17,2006,LDA,1.0,users like site people service new web online company time
18,2006,LDA,2.0,video site youtube content digg videos sites users news social
19,2006,LDA,3.0,google search yahoo web new com users service skype product
20,2006,LDA,4.0,music mobile apple service tv media new player like zune
21,2006,LDA,5.0,company million venture companies said capital raised year round valley
22,2006,NMF,0.0,site users web service like new video people company content
23,2006,NMF,1.0,million company venture capital raised round partners ventures said funding
24,2006,NMF,2.0,story digg posted valley news mercury venturebeat silicon money couple
25,2006,NMF,3.0,phone mobile phones cingular camera bluetooth samsung nokia skype cell
26,2006,NMF,4.0,ipod zune apple music player usb like drive video sony
27,2006,NMF,5.0,wii nintendo console games game playstation controller ds sony play
28,2006,NMF,6.0,google search yahoo youtube microsoft results engine deal blog click
29,2006,LDA,0.0,phone mobile like ll new don time know camera phones
30,2006,LDA,1.0,games game wii like windows new storage nintendo files microsoft
31,2006,LDA,2.0,video site youtube news digg blog story content people new
32,2006,LDA,3.0,search google web service users new like use site based
33,2006,LDA,4.0,music ipod apple tv video player zune new digital xbox
34,2006,LDA,5.0,google yahoo company users site people online like myspace new
35,2006,LDA,6.0,company million venture capital raised companies said round valley partners
36,2006,NMF,0.0,site users web service like new people company search social
37,2006,NMF,1.0,million company venture capital raised round partners ventures said funding
38,2006,NMF,2.0,story digg posted valley news mercury venturebeat silicon money couple
39,2006,NMF,3.0,phone mobile phones cingular camera bluetooth samsung nokia skype cell
40,2006,NMF,4.0,ipod zune apple music usb player like drive sony ll
41,2006,NMF,5.0,wii nintendo console games game playstation controller sony ds play
42,2006,NMF,6.0,google search yahoo microsoft youtube results engine click deal blog
43,2006,NMF,7.0,video youtube videos tv content media sharing music online player
44,2006,LDA,0.0,phone mobile like new ll don product time know camera
45,2006,LDA,1.0,service users new like web use free people email online
46,2006,LDA,2.0,video youtube games game wii videos nintendo sony gaming console
47,2006,LDA,3.0,google search site web sites ads click like page results
48,2006,LDA,4.0,music ipod apple tv player zune microsoft media new digital
49,2006,LDA,5.0,company yahoo site million companies people like google said social
50,2006,LDA,6.0,company million venture capital raised round said partners companies ventures
51,2006,LDA,7.0,blog digg news site rss new story oil post like
52,2006,NMF,0.0,site users web service people new like company search social
53,2006,NMF,1.0,million company venture capital raised round partners ventures said funding
54,2006,NMF,2.0,story digg posted valley news mercury venturebeat silicon money couple
55,2006,NMF,3.0,phone mobile phones cingular bluetooth camera skype samsung nokia cell
56,2006,NMF,4.0,sony usb like drive product ll new pc inch available
57,2006,NMF,5.0,wii nintendo console games game playstation controller ds play launch
58,2006,NMF,6.0,google search yahoo microsoft youtube results engine deal click blog
59,2006,NMF,7.0,video youtube videos tv content media sharing music online player
60,2006,NMF,8.0,zune ipod apple music microsoft player itunes nano case songs
61,2006,LDA,0.0,like new ll games wii don sony product got really
62,2006,LDA,1.0,like site people users web time new want way think
63,2006,LDA,2.0,video youtube videos content story sharing china google online company
64,2006,LDA,3.0,google search web results ads click com page new ad
65,2006,LDA,4.0,music tv player apple media ipod dvd digital zune itunes
66,2006,LDA,5.0,yahoo site users google social myspace company new digg networking
67,2006,LDA,6.0,company million venture capital companies raised said round partners valley
68,2006,LDA,7.0,blog news board new post bloggers rss blogs company readers
69,2006,LDA,8.0,mobile phone service free new use skype software company users
70,2006,NMF,0.0,site users web service like new people company search social
71,2006,NMF,1.0,million company venture capital raised round partners ventures said funding
72,2006,NMF,2.0,story digg posted valley news mercury venturebeat silicon money couple
73,2006,NMF,3.0,phone mobile phones cingular camera bluetooth samsung nokia skype cell
74,2006,NMF,4.0,sony xbox playstation games game microsoft console gaming dvd hd
75,2006,NMF,5.0,wii nintendo console games ds controller play game ll launch
76,2006,NMF,6.0,google search yahoo microsoft youtube results engine click deal blog
77,2006,NMF,7.0,video youtube videos tv content media sharing music online player
78,2006,NMF,8.0,zune microsoft music player seattle marketplace song ipod crunchgear contest
79,2006,NMF,9.0,ipod apple usb drive product like music player inch ll
80,2006,LDA,0.0,like new games ll wii sony product don game really
81,2006,LDA,1.0,like people site email users new event friends list com
82,2006,LDA,2.0,video youtube digg videos story news content stories users site
83,2006,LDA,3.0,search google site ads results sites click ad engine com
84,2006,LDA,4.0,music apple ipod tv player zune media dvd digital microsoft
85,2006,LDA,5.0,company yahoo google site people myspace million social like users
86,2006,LDA,6.0,million company venture capital raised round said partners ventures valley
87,2006,LDA,7.0,story companies percent company board energy oil news year tech
88,2006,LDA,8.0,mobile phone service free skype phones use new calls like
89,2006,LDA,9.0,web new users google service blog rss company use based
90,2007,NMF,0.0,like ll video new don game time know music good
91,2007,NMF,1.0,million company raised round capital ventures partners venture funding investors
92,2007,NMF,2.0,google facebook site users search social web sites service video
93,2007,NMF,3.0,mobile phone phones service wireless verizon nokia services sprint content
94,2007,NMF,4.0,iphone apple ipod itunes store mac jobs touch steve phone
95,2007,LDA,0.0,company million companies capital venture raised round ventures partners funding
96,2007,LDA,1.0,like ll don time know good make new want really
97,2007,LDA,2.0,google users site facebook web search social new sites service
98,2007,LDA,3.0,mobile phone iphone apple music service phones wireless new free
99,2007,LDA,4.0,game games video tv microsoft sony new play dvd hd
100,2007,NMF,0.0,like ll don game new know video time good ipod
101,2007,NMF,1.0,million company raised round capital ventures partners venture funding investors
102,2007,NMF,2.0,facebook site users social sites web service video content people
103,2007,NMF,3.0,mobile phone phones service wireless verizon nokia sprint services handsets
104,2007,NMF,4.0,iphone apple ipod itunes store mac jobs touch steve phone
105,2007,NMF,5.0,google search yahoo microsoft results maps ads youtube engine advertising
106,2007,LDA,0.0,company million companies venture capital year said investors new partners
107,2007,LDA,1.0,like don time ll people know make good want really
108,2007,LDA,2.0,google site company facebook users web search social million new
109,2007,LDA,3.0,mobile phone iphone service phones wireless new network device users
110,2007,LDA,4.0,video game games tv microsoft content youtube new play sony
111,2007,LDA,5.0,music apple ipod like new digital itunes ll audio player
112,2007,NMF,0.0,like ll don new know time good ipod really make
113,2007,NMF,1.0,million company raised round capital ventures partners venture funding investors
114,2007,NMF,2.0,facebook users site social web service sites people myspace network
115,2007,NMF,3.0,mobile phone phones service wireless verizon nokia services sprint handsets
116,2007,NMF,4.0,iphone apple ipod itunes store mac jobs touch steve phone
117,2007,NMF,5.0,google search yahoo microsoft results maps ads engine advertising youtube
118,2007,NMF,6.0,video youtube videos tv content game games media watch player
119,2007,LDA,0.0,company million companies capital venture raised round funding ventures partners
120,2007,LDA,1.0,like don time ll people know make good want think
121,2007,LDA,2.0,google site users facebook web search social sites new service
122,2007,LDA,3.0,iphone music apple itunes free like new mac windows download
123,2007,LDA,4.0,game video games tv microsoft play sony hd dvd new
124,2007,LDA,5.0,like ipod new camera features screen ll digital inch device
125,2007,LDA,6.0,mobile phone service phones wireless network services access verizon calls
126,2007,NMF,0.0,like ll don new know ipod time music good make
127,2007,NMF,1.0,million company raised round capital ventures partners venture funding investors
128,2007,NMF,2.0,facebook users site social web service sites people myspace network
129,2007,NMF,3.0,mobile phone phones service wireless verizon services nokia handsets sprint
130,2007,NMF,4.0,iphone apple ipod itunes store mac jobs touch steve phone
131,2007,NMF,5.0,google search yahoo microsoft results maps ads engine advertising youtube
132,2007,NMF,6.0,video youtube videos tv content media music watch sites player
133,2007,NMF,7.0,game games wii nintendo xbox play gaming halo sony playing
134,2007,LDA,0.0,company million capital venture raised round companies partners funding ventures
135,2007,LDA,1.0,people time new like companies years year technology percent calif
136,2007,LDA,2.0,google facebook users site web search social sites new online
137,2007,LDA,3.0,iphone apple like ll new know don windows mac going
138,2007,LDA,4.0,game games microsoft sony hd play dvd gaming virtual xbox
139,2007,LDA,5.0,like ll ipod don good use new product make time
140,2007,LDA,6.0,mobile phone service phones wireless network devices calls verizon services
141,2007,LDA,7.0,video music content tv videos youtube media like free site
142,2007,NMF,0.0,like ll don new know ipod time music good make
143,2007,NMF,1.0,million company raised round capital ventures partners venture funding investors
144,2007,NMF,2.0,facebook users site social web service sites people myspace network
145,2007,NMF,3.0,mobile phone phones service wireless verizon services nokia handsets sprint
146,2007,NMF,4.0,iphone apple ipod itunes store mac jobs touch steve phone
147,2007,NMF,5.0,google search yahoo microsoft results maps ads engine advertising youtube
148,2007,NMF,6.0,video youtube videos tv content media music watch sites player
149,2007,NMF,7.0,game games wii nintendo xbox play gaming halo sony playing
150,2007,NMF,8.0,story venturebeat life daily calif today david biotech medical posted
151,2007,LDA,0.0,company million companies capital venture raised round partners funding ventures
152,2007,LDA,1.0,like time don people make know ll good want way
153,2007,LDA,2.0,google facebook users site web search social sites new company
154,2007,LDA,3.0,iphone apple ll like new comments know touch going email
155,2007,LDA,4.0,game games play sony gaming hd virtual dvd world xbox
156,2007,LDA,5.0,ipod like camera inch new features digital device screen music
157,2007,LDA,6.0,mobile phone service phones wireless devices device verizon network calls
158,2007,LDA,7.0,video music content tv videos youtube site media service like
159,2007,LDA,8.0,microsoft software windows pc desktop vista computer open intel version
160,2007,NMF,0.0,like ll don know new time good make really want
161,2007,NMF,1.0,million company raised round capital ventures partners venture funding investors
162,2007,NMF,2.0,facebook users site social web sites service people myspace network
163,2007,NMF,3.0,mobile phone phones service wireless verizon nokia services handsets sprint
164,2007,NMF,4.0,iphone apple ipod store mac jobs touch itunes steve phone
165,2007,NMF,5.0,google search yahoo microsoft results maps ads engine advertising youtube
166,2007,NMF,6.0,video youtube videos tv content media watch sites site player
167,2007,NMF,7.0,game games wii nintendo xbox play gaming sony halo playing
168,2007,NMF,8.0,story venturebeat life daily calif today david biotech medical posted
169,2007,NMF,9.0,music itunes ipod drm songs free player song apple radio
170,2007,LDA,0.0,service people free email business pay uk blog comments year
171,2007,LDA,1.0,like don time know ll make good really want people
172,2007,LDA,2.0,company million companies capital venture raised round partners funding ventures
173,2007,LDA,3.0,iphone apple itunes new touch ipod store jobs like mac
174,2007,LDA,4.0,game games drug life drugs virtual play gaming world new
175,2007,LDA,5.0,music ipod player like digital audio new radio sound songs
176,2007,LDA,6.0,mobile phone phones wireless service device devices calls network verizon
177,2007,LDA,7.0,users site facebook web social video sites new content like
178,2007,LDA,8.0,tv video windows camera vista pc software intel new fi
179,2007,LDA,9.0,google microsoft yahoo sony dvd hd reader ray blu news
180,2008,NMF,0.0,game like ll video games don time new know good
181,2008,NMF,1.0,million company round funding raised capital ventures venture partners investors
182,2008,NMF,2.0,facebook site users social twitter service web sites network myspace
183,2008,NMF,3.0,iphone apple mobile app phone store device ipod android apps
184,2008,NMF,4.0,google yahoo search microsoft deal results percent advertising ads engine
185,2008,LDA,0.0,company million companies year percent new round business venture funding
186,2008,LDA,1.0,site users facebook social google like web twitter search sites
187,2008,LDA,2.0,mobile iphone phone app music applications apple service software new
188,2008,LDA,3.0,game games video new sony play xbox digital world chip
189,2008,LDA,4.0,like people time ll don apple good going new know
190,2008,NMF,0.0,like ll don new know video little time good really
191,2008,NMF,1.0,million company round funding raised capital ventures venture partners investors
192,2008,NMF,2.0,facebook site users social twitter service web sites network myspace
193,2008,NMF,3.0,iphone apple mobile app store phone device ipod apps android
194,2008,NMF,4.0,google yahoo search microsoft deal results percent advertising ads engine
195,2008,NMF,5.0,game games wii play xbox gaming nintendo ea gamers online
196,2008,LDA,0.0,google microsoft yahoo percent search year company said ads million
197,2008,LDA,1.0,site users facebook social like twitter service web sites new
198,2008,LDA,2.0,mobile iphone app applications phone application apps developers apple platform
199,2008,LDA,3.0,game games music video sony play new xbox world gaming
200,2008,LDA,4.0,like apple ll time don new people good going know
201,2008,LDA,5.0,company million companies round funding venture based capital new raised
202,2008,NMF,0.0,like ll don new know video little time good really
203,2008,NMF,1.0,million company round funding raised capital ventures venture partners investors
204,2008,NMF,2.0,facebook site users social twitter service web sites myspace network
205,2008,NMF,3.0,iphone apple app store ipod apps touch itunes device application
206,2008,NMF,4.0,google yahoo search microsoft deal results percent advertising ads engine
207,2008,NMF,5.0,game games wii play xbox gaming nintendo ea gamers online
208,2008,NMF,6.0,mobile phone phones android nokia windows devices service handset cell
209,2008,LDA,0.0,google microsoft yahoo search people time like said company going
210,2008,LDA,1.0,site users social twitter facebook like service sites web new
211,2008,LDA,2.0,mobile iphone applications app application facebook platform developers apps web
212,2008,LDA,3.0,game games music sony play xbox video world gaming virtual
213,2008,LDA,4.0,like apple ll new time don good video iphone know
214,2008,LDA,5.0,company million companies round funding venture based capital new raised
215,2008,LDA,6.0,percent phone year mobile market price new said intel chip
216,2008,NMF,0.0,like ll don know little time good new people really
217,2008,NMF,1.0,million company round funding raised capital ventures venture partners investors
218,2008,NMF,2.0,facebook users site social twitter service myspace web sites network
219,2008,NMF,3.0,iphone apple app store ipod apps itunes touch device application
220,2008,NMF,4.0,google yahoo search microsoft deal results percent advertising ads engine
221,2008,NMF,5.0,game games wii play xbox gaming nintendo ea gamers console
222,2008,NMF,6.0,mobile phone phones android nokia devices windows service handset cell
223,2008,NMF,7.0,video tv videos youtube http content com watch media music
224,2008,LDA,0.0,google search microsoft yahoo ads ad advertising percent company year
225,2008,LDA,1.0,users site facebook social twitter like service web sites new
226,2008,LDA,2.0,mobile phone applications platform software developers web application phones android
227,2008,LDA,3.0,game games sony xbox play gaming new wii camera video
228,2008,LDA,4.0,like people time don ll good think know make going
229,2008,LDA,5.0,company million companies round funding based raised video capital partners
230,2008,LDA,6.0,year million percent company market billion energy said price solar
231,2008,LDA,7.0,iphone apple music app new store video itunes ipod device
232,2008,NMF,0.0,like ll don know little good time new really think
233,2008,NMF,1.0,million company round funding raised capital ventures venture partners investors
234,2008,NMF,2.0,site twitter users service web sites social people music new
235,2008,NMF,3.0,iphone apple app store ipod apps itunes touch device application
236,2008,NMF,4.0,google yahoo microsoft search deal results percent advertising ads engine
237,2008,NMF,5.0,game games wii play xbox gaming nintendo ea gamers online
238,2008,NMF,6.0,mobile phone phones android nokia devices windows service handset cell
239,2008,NMF,7.0,video tv videos youtube http content com watch swf live
240,2008,NMF,8.0,facebook social myspace users applications friends application developers platform apps
241,2008,LDA,0.0,microsoft yahoo year percent said google time people market new
242,2008,LDA,1.0,like don people make time good ll think really know
243,2008,LDA,2.0,mobile facebook applications phone developers platform application phones android open
244,2008,LDA,3.0,game games sony new play camera wii xbox gaming nintendo
245,2008,LDA,4.0,video tv com windows movie http watch flash live player
246,2008,LDA,5.0,company online business companies media web ad ads content video
247,2008,LDA,6.0,million company round venture funding capital raised companies investors partners
248,2008,LDA,7.0,iphone apple music app store new device touch ipod itunes
249,2008,LDA,8.0,site users google social search twitter like web service facebook
250,2008,NMF,0.0,like ll don know time new good little people really
251,2008,NMF,1.0,million company round funding raised capital ventures venture partners investors
252,2008,NMF,2.0,google search results engine ads data web android gmail page
253,2008,NMF,3.0,iphone apple app store ipod apps touch itunes device application
254,2008,NMF,4.0,yahoo microsoft deal search board share windows offer stock live
255,2008,NMF,5.0,game games wii play gaming xbox nintendo ea gamers console
256,2008,NMF,6.0,mobile phone phones android nokia windows service devices handset cell
257,2008,NMF,7.0,video tv videos youtube http content com watch media live
258,2008,NMF,8.0,facebook users social site myspace network sites web friends application
259,2008,NMF,9.0,twitter service friendfeed messages users account message messaging services people
260,2008,LDA,0.0,like time people going make said think don years good
261,2008,LDA,1.0,twitter like people don know news really want time ll
262,2008,LDA,2.0,mobile applications phone platform developers software application service data android
263,2008,LDA,3.0,game games intel xbox play sony gaming chip wii nintendo
264,2008,LDA,4.0,like video tv ll com movie watch windows microsoft http
265,2008,LDA,5.0,video music content online media youtube web com videos site
266,2008,LDA,6.0,power energy new solar technology camera phone price use available
267,2008,LDA,7.0,iphone apple app store device new touch ipod itunes version
268,2008,LDA,8.0,users site facebook google social search web sites like new
269,2008,LDA,9.0,company million companies percent round year venture funding capital raised
270,2009,NMF,0.0,like video ll don time know new good people really
271,2009,NMF,1.0,game games play playing gaming wii like played gamers players
272,2009,NMF,2.0,million company round capital raised ventures partners funding venture companies
273,2009,NMF,3.0,twitter google facebook users search site social service web people
274,2009,NMF,4.0,app iphone apple mobile apps store android phone application developers
275,2009,LDA,0.0,game like games time people don know really think ll
276,2009,LDA,1.0,iphone app mobile apple games apps game phone developers store
277,2009,LDA,2.0,google twitter facebook users site like search web service new
278,2009,LDA,3.0,company million companies year business said percent new based capital
279,2009,LDA,4.0,new like use power device price microsoft windows computer tv
280,2009,NMF,0.0,like video ll don time know new people good really
281,2009,NMF,1.0,game games play playing gaming wii like played gamers players
282,2009,NMF,2.0,million company round capital raised ventures partners funding venture companies
283,2009,NMF,3.0,twitter facebook users site social service people web tweets sites
284,2009,NMF,4.0,app iphone apple mobile apps store android phone application developers
285,2009,NMF,5.0,google search microsoft results yahoo chrome web bing android gmail
286,2009,LDA,0.0,like people don time know think really ll going good
287,2009,LDA,1.0,game games play video new gaming like music playing player
288,2009,LDA,2.0,company million companies year percent said business says new based
289,2009,LDA,3.0,com social new media people news myspace facebook event time
290,2009,LDA,4.0,apple iphone new phone mobile device devices android windows use
291,2009,LDA,5.0,google users twitter facebook app service site search web new
292,2009,NMF,0.0,like ll video don time know new people good really
293,2009,NMF,1.0,game games play playing gaming wii played like gamers players
294,2009,NMF,2.0,million company round capital ventures raised partners funding venture companies
295,2009,NMF,3.0,twitter tweets tweet search service account people users time follow
296,2009,NMF,4.0,iphone app apple mobile apps store android phone application developers
297,2009,NMF,5.0,google search microsoft results yahoo chrome bing android web gmail
298,2009,NMF,6.0,facebook users site social myspace sites web service content network
299,2009,LDA,0.0,like people don know think really time going ll right
300,2009,LDA,1.0,iphone mobile apple phone video android store new tv device
301,2009,LDA,2.0,company million companies year business said percent new says market
302,2009,LDA,3.0,twitter facebook social site users com new news people media
303,2009,LDA,4.0,energy power new intel use like grid solar chip camera
304,2009,LDA,5.0,game games like play time video new gaming playing world
305,2009,LDA,6.0,google app users search service web apps like new data
306,2009,NMF,0.0,like ll don time know people new good really little
307,2009,NMF,1.0,game games play playing gaming wii played gamers like players
308,2009,NMF,2.0,million company round capital ventures raised partners funding venture companies
309,2009,NMF,3.0,twitter tweets tweet service search account people users follow links
310,2009,NMF,4.0,iphone app apple mobile apps store android phone application developers
311,2009,NMF,5.0,google search microsoft results yahoo chrome bing web android engine
312,2009,NMF,6.0,facebook users social site myspace sites web service friends network
313,2009,NMF,7.0,video com youtube http watch videos tv www content site
314,2009,LDA,0.0,like people don know think really going time ll right
315,2009,LDA,1.0,mobile iphone video phone apple android device tv new phones
316,2009,LDA,2.0,google twitter search site facebook new people like time web
317,2009,LDA,3.0,million company facebook percent social year said site users network
318,2009,LDA,4.0,power new price energy intel grid solar chip use like
319,2009,LDA,5.0,game games like play time video new gaming world playing
320,2009,LDA,6.0,app users service apps web iphone like application new developers
321,2009,LDA,7.0,company companies business technology new capital based venture said market
322,2009,NMF,0.0,like ll don time know people good really new little
323,2009,NMF,1.0,game games play playing gaming wii played players gamers xbox
324,2009,NMF,2.0,million company round capital ventures raised partners funding venture companies
325,2009,NMF,3.0,twitter tweets tweet service search account people users follow links
326,2009,NMF,4.0,app iphone apple apps store itunes application ipod developers applications
327,2009,NMF,5.0,google search microsoft results yahoo chrome bing web engine gmail
328,2009,NMF,6.0,facebook users social site myspace sites web service friends network
329,2009,NMF,7.0,video youtube com http videos watch tv www content site
330,2009,NMF,8.0,mobile phone android phones windows device devices nokia iphone palm
331,2009,LDA,0.0,iphone apple android windows store like phone touch new device
332,2009,LDA,1.0,video mobile com tv youtube phone music http media watch
333,2009,LDA,2.0,google people search percent microsoft year time going think ads
334,2009,LDA,3.0,facebook social million users virtual myspace network company site networks
335,2009,LDA,4.0,energy power price new intel grid solar chip smart use
336,2009,LDA,5.0,game games like time play don people really ll make
337,2009,LDA,6.0,app users service apps web mobile data developers application applications
338,2009,LDA,7.0,company million companies business new capital said based year technology
339,2009,LDA,8.0,twitter site like new people users search time service web
340,2009,NMF,0.0,like ll don time know people good really little new
341,2009,NMF,1.0,game games play playing gaming wii players played gamers xbox
342,2009,NMF,2.0,million company round capital ventures raised partners funding venture companies
343,2009,NMF,3.0,twitter tweets tweet service search account people users links follow
344,2009,NMF,4.0,app iphone apps store application developers applications free itunes users
345,2009,NMF,5.0,google search microsoft results yahoo chrome bing web engine gmail
346,2009,NMF,6.0,facebook users social site myspace sites web friends service network
347,2009,NMF,7.0,video com youtube http videos watch tv www content site
348,2009,NMF,8.0,mobile phone android phones device iphone nokia windows devices palm
349,2009,NMF,9.0,apple iphone ipod jobs itunes palm mac touch new steve
350,2009,LDA,0.0,apple tv sony movie know photo mr movies right psp
351,2009,LDA,1.0,mobile iphone phone video android device phones windows devices new
352,2009,LDA,2.0,google search microsoft ads yahoo ad grid solar results percent
353,2009,LDA,3.0,million company year percent facebook said social billion virtual myspace
354,2009,LDA,4.0,price buy intel chip new amazon chips camera digital drive
355,2009,LDA,5.0,game games play video like gaming time playing new wii
356,2009,LDA,6.0,users service web site data like use new content services
357,2009,LDA,7.0,company companies business technology capital million venture new funding round
358,2009,LDA,8.0,twitter app facebook iphone apps users new music like store
359,2009,LDA,9.0,like people time don ll really think know going good
360,2010,NMF,0.0,company million funding round capital raised companies based ventures venture
361,2010,NMF,1.0,game games play gaming gamers playing players video player social
362,2010,NMF,2.0,like people ll don know video time really new good
363,2010,NMF,3.0,google facebook twitter search social users site web service data
364,2010,NMF,4.0,apple app iphone ipad android mobile apps store phone device
365,2010,LDA,0.0,game games company million new said companies energy technology year
366,2010,LDA,1.0,google company million percent year said billion search market microsoft
367,2010,LDA,2.0,game like time people games way think really know good
368,2010,LDA,3.0,apple iphone mobile app android phone ipad apps new device
369,2010,LDA,4.0,facebook users social company twitter site new service like web
370,2010,NMF,0.0,company million funding round capital raised companies based ventures year
371,2010,NMF,1.0,game games play gaming gamers playing players video player developers
372,2010,NMF,2.0,like people ll don know video time really new good
373,2010,NMF,3.0,facebook twitter social users site friends foursquare location app people
374,2010,NMF,4.0,apple app iphone ipad android mobile apps store phone device
375,2010,NMF,5.0,google search android chrome tv web gmail microsoft results nexus
376,2010,LDA,0.0,company companies million new business technology based said capital funding
377,2010,LDA,1.0,million google percent company year said billion sales market online
378,2010,LDA,2.0,game games like time people video play new world make
379,2010,LDA,3.0,mobile apple iphone app apps video android tv google content
380,2010,LDA,4.0,facebook users social twitter site new like people service web
381,2010,LDA,5.0,like new device microsoft phone ll ipad windows screen tablet
382,2010,NMF,0.0,company million funding round capital raised companies based ventures venture
383,2010,NMF,1.0,game games play gaming gamers playing players video player developers
384,2010,NMF,2.0,like people ll don know video time really new good
385,2010,NMF,3.0,facebook twitter social users site friends people zuckerberg foursquare network
386,2010,NMF,4.0,app mobile android iphone apps phone store users phones application
387,2010,NMF,5.0,google search chrome tv android web gmail results microsoft ads
388,2010,NMF,6.0,apple ipad iphone tablet device jobs steve ipod store os
389,2010,LDA,0.0,company million companies based technology business said new funding energy
390,2010,LDA,1.0,million percent company year google said billion sales online market
391,2010,LDA,2.0,like people time don know think really way make going
392,2010,LDA,3.0,apple iphone mobile app android phone ipad google apps device
393,2010,LDA,4.0,facebook users social twitter google site new service like web
394,2010,LDA,5.0,game games video play new gaming like time player world
395,2010,LDA,6.0,new car conference year event hp tech world san startup
396,2010,NMF,0.0,company million funding round capital raised companies based ventures venture
397,2010,NMF,1.0,game games play gaming gamers playing players video player developers
398,2010,NMF,2.0,like people ll know don time video really new good
399,2010,NMF,3.0,facebook twitter social users site friends zuckerberg network people foursquare
400,2010,NMF,4.0,app apps iphone store users location application free developers mobile
401,2010,NMF,5.0,google search chrome tv web gmail results ads buzz data
402,2010,NMF,6.0,apple ipad iphone jobs tablet device steve ipod flash store
403,2010,NMF,7.0,android mobile phone phones windows device devices verizon microsoft htc
404,2010,LDA,0.0,energy technology new company power software cloud hp market electric
405,2010,LDA,1.0,like people time think way make don know really good
406,2010,LDA,2.0,video tv content music service media internet new online youtube
407,2010,LDA,3.0,apple iphone mobile app android ipad apps phone google phones
408,2010,LDA,4.0,facebook users google social twitter site new search service like
409,2010,LDA,5.0,microsoft new like screen com video version ll http camera
410,2010,LDA,6.0,game games play gaming video players gamers player playing new
411,2010,LDA,7.0,company million companies said business year percent new capital startup
412,2010,NMF,0.0,company million funding round capital raised companies based ventures venture
413,2010,NMF,1.0,game games play gaming gamers playing players player developers xbox
414,2010,NMF,2.0,like people know ll don time really good little think
415,2010,NMF,3.0,facebook twitter social users site friends zuckerberg network people foursquare
416,2010,NMF,4.0,app apps iphone store users location application free developers mobile
417,2010,NMF,5.0,google search chrome gmail web results buzz data engine yahoo
418,2010,NMF,6.0,apple ipad iphone jobs tablet device steve ipod store flash
419,2010,NMF,7.0,android mobile phone phones windows device devices verizon microsoft htc
420,2010,NMF,8.0,video tv content youtube videos com watch http media streaming
421,2010,LDA,0.0,energy company technology new software power cloud market use hp
422,2010,LDA,1.0,google said company search microsoft news yahoo new ceo government
423,2010,LDA,2.0,tv google service location content users network data check foursquare
424,2010,LDA,3.0,apple iphone app mobile android ipad apps phone device devices
425,2010,LDA,4.0,facebook users social twitter site new like web service user
426,2010,LDA,5.0,game games play gaming new time video players player playing
427,2010,LDA,6.0,video com solar youtube http camera new watch videos japan
428,2010,LDA,7.0,company million companies percent year business said capital new funding
429,2010,LDA,8.0,like people time don think know really way make good
430,2010,NMF,0.0,company million funding round capital raised companies based ventures venture
431,2010,NMF,1.0,game games play gaming gamers playing players player developers xbox
432,2010,NMF,2.0,like people know don ll really time good little think
433,2010,NMF,3.0,facebook social users friends zuckerberg network zynga site privacy people
434,2010,NMF,4.0,app apps iphone store users location application free developers foursquare
435,2010,NMF,5.0,google search chrome gmail web results buzz data yahoo engine
436,2010,NMF,6.0,apple ipad iphone jobs tablet device steve ipod store flash
437,2010,NMF,7.0,android mobile phone phones windows device devices verizon microsoft htc
438,2010,NMF,8.0,video tv content youtube videos com watch http media streaming
439,2010,NMF,9.0,twitter tweets tweet account users site follow search service people
440,2010,LDA,0.0,software cloud amazon hp price intel new data customers company
441,2010,LDA,1.0,energy company technology solar power new companies said electric year
442,2010,LDA,2.0,google search tv location data service foursquare check like web
443,2010,LDA,3.0,apple iphone mobile app android apps ipad phone phones store
444,2010,LDA,4.0,facebook users social twitter site new service like web people
445,2010,LDA,5.0,video microsoft new screen device windows like phone camera version
446,2010,LDA,6.0,company funding capital startup companies million venture round investors raised
447,2010,LDA,7.0,million company said percent year online business billion social sales
448,2010,LDA,8.0,like people time think know don way really good make
449,2010,LDA,9.0,game games play video gaming new player world players playing
450,2011,NMF,0.0,company million companies social funding startup facebook new said round
451,2011,NMF,1.0,game games play gaming players zynga gamers like playing nintendo
452,2011,NMF,2.0,apple iphone ipad tablet phone android like samsung device new
453,2011,NMF,3.0,google search facebook social chrome android page users twitter results
454,2011,NMF,4.0,app mobile apps android users facebook store developers ios iphone
455,2011,LDA,0.0,company million companies year percent said billion business startup new
456,2011,LDA,1.0,said company technology new data power like customers car hp
457,2011,LDA,2.0,game like people time new way make world really don
458,2011,LDA,3.0,google users facebook service social app new web company content
459,2011,LDA,4.0,games game apple android mobile iphone app new ipad phone
460,2011,NMF,0.0,like people facebook twitter video new time don way want
461,2011,NMF,1.0,game games play gaming players zynga gamers nintendo playing said
462,2011,NMF,2.0,apple iphone ipad samsung android tablet phone verizon device devices
463,2011,NMF,3.0,google search android social chrome facebook users page results microsoft
464,2011,NMF,4.0,app apps mobile android users store developers facebook ios iphone
465,2011,NMF,5.0,company million funding round companies capital raised percent year said
466,2011,LDA,0.0,company companies people like time new business startup startups said
467,2011,LDA,1.0,said company data technology mobile new power hp car energy
468,2011,LDA,2.0,google facebook users like new twitter social app service people
469,2011,LDA,3.0,game games like play time new video gaming world players
470,2011,LDA,4.0,apple android app iphone mobile ipad apps phone new devices
471,2011,LDA,5.0,company million percent mobile year said social billion users new
472,2011,NMF,0.0,like people video time new don ll way really know
473,2011,NMF,1.0,game games play gaming players zynga gamers nintendo developers playing
474,2011,NMF,2.0,apple iphone ipad samsung tablet android verizon device jobs devices
475,2011,NMF,3.0,google search android chrome results page microsoft users social web
476,2011,NMF,4.0,app mobile apps android users store developers ios iphone phone
477,2011,NMF,5.0,company million funding companies round capital raised percent year said
478,2011,NMF,6.0,facebook social twitter users friends network zynga media people news
479,2011,LDA,0.0,like people time don think make going way want know
480,2011,LDA,1.0,apple phone mobile iphone android microsoft devices new tablet device
481,2011,LDA,2.0,google facebook users social twitter new like people service search
482,2011,LDA,3.0,game games like play video new time gaming players sony
483,2011,LDA,4.0,app apps mobile android iphone apple new ipad developers music
484,2011,LDA,5.0,million company percent year billion mobile social users online zynga
485,2011,LDA,6.0,company companies million said new startup funding technology based capital
486,2011,NMF,0.0,like people video time new don way really know ll
487,2011,NMF,1.0,game games play gaming players zynga gamers nintendo developers playing
488,2011,NMF,2.0,apple iphone ipad jobs ios steve samsung store mac verizon
489,2011,NMF,3.0,google search chrome android results page users social web microsoft
490,2011,NMF,4.0,app apps mobile users store android developers ios iphone free
491,2011,NMF,5.0,company million funding round companies capital raised percent year startup
492,2011,NMF,6.0,facebook social twitter users friends network zynga media news people
493,2011,NMF,7.0,android phone tablet mobile windows samsung microsoft device devices verizon
494,2011,LDA,0.0,game games play like time world said gaming people players
495,2011,LDA,1.0,said apple company microsoft technology hp jobs companies power intel
496,2011,LDA,2.0,google facebook users twitter social people like new search site
497,2011,LDA,3.0,video service music cloud tv amazon content sony users new
498,2011,LDA,4.0,like new time ll really little video nintendo right way
499,2011,LDA,5.0,million company percent year billion sales revenue social quarter users
500,2011,LDA,6.0,company companies startup new funding million capital business based founder
501,2011,LDA,7.0,mobile app android iphone apple apps phone ipad devices new
502,2011,NMF,0.0,like people time don new really know way ll want
503,2011,NMF,1.0,game games play gaming players zynga gamers nintendo developers playing
504,2011,NMF,2.0,apple iphone ipad jobs ios steve samsung store mac quarter
505,2011,NMF,3.0,google search chrome android results page users social web microsoft
506,2011,NMF,4.0,app apps mobile users store android developers iphone ios ipad
507,2011,NMF,5.0,company million funding round companies capital raised percent startup year
508,2011,NMF,6.0,facebook social twitter users friends network zynga media news people
509,2011,NMF,7.0,android phone mobile tablet windows samsung microsoft verizon device devices
510,2011,NMF,8.0,video music service tv amazon streaming netflix content sony youtube
511,2011,LDA,0.0,game games play gaming said players zynga new sony like
512,2011,LDA,1.0,deals deal customers groupon energy company card credit business china
513,2011,LDA,2.0,google facebook users social new like app web data people
514,2011,LDA,3.0,tablet cloud amazon new microsoft device said hp devices software
515,2011,LDA,4.0,like time people really way don think know make going
516,2011,LDA,5.0,video music twitter content service media tv news new streaming
517,2011,LDA,6.0,company companies startup said new business founder startups technology ceo
518,2011,LDA,7.0,mobile apple app android iphone phone apps ipad devices ios
519,2011,LDA,8.0,million company percent year billion said revenue social sales quarter
520,2011,NMF,0.0,like people time don new know really way ll want
521,2011,NMF,1.0,game games play gaming players zynga gamers nintendo developers playing
522,2011,NMF,2.0,apple iphone ipad jobs ios steve samsung store mac verizon
523,2011,NMF,3.0,google search chrome android results page users social web microsoft
524,2011,NMF,4.0,app apps android store users developers ios ipad iphone free
525,2011,NMF,5.0,company million funding round capital companies raised startup year ventures
526,2011,NMF,6.0,facebook social twitter users friends zynga network media news people
527,2011,NMF,7.0,android tablet samsung phone windows microsoft tablets inch device galaxy
528,2011,NMF,8.0,video music service tv streaming netflix content sony amazon youtube
529,2011,NMF,9.0,mobile verizon phone data network iphone sprint wireless phones devices
530,2011,LDA,0.0,game games play gaming players new said sony like gamers
531,2011,LDA,1.0,mobile customers hp card verizon network credit company wireless deal
532,2011,LDA,2.0,google facebook search users new like people twitter friends app
533,2011,LDA,3.0,music cloud amazon video tv service microsoft new tablet streaming
534,2011,LDA,4.0,like people time don really way think make know going
535,2011,LDA,5.0,users social site data content twitter service new web company
536,2011,LDA,6.0,said technology power new company jobs car energy intel world
537,2011,LDA,7.0,apple app mobile android iphone apps phone ipad devices new
538,2011,LDA,8.0,million company percent year billion market said sales revenue quarter
539,2011,LDA,9.0,company companies startup funding capital million business founder round new
540,2012,NMF,0.0,company million startup companies data new funding service business like
541,2012,NMF,1.0,game games players play gaming zynga like video said gamesbeat
542,2012,NMF,2.0,apple app ipad iphone windows samsung android mobile phone apps
543,2012,NMF,3.0,facebook social app users twitter friends mobile instagram ads apps
544,2012,NMF,4.0,google search android maps results nexus users youtube web page
545,2012,LDA,0.0,facebook users social app new twitter like content people site
546,2012,LDA,1.0,company million mobile percent year said new data companies cloud
547,2012,LDA,2.0,apple google app mobile new android iphone apps ipad windows
548,2012,LDA,3.0,game games like new play video time players gaming said
549,2012,LDA,4.0,people like time new said companies company make startup way
550,2012,NMF,0.0,app apps mobile users android windows ios developers new phone
551,2012,NMF,1.0,game games players play gaming like zynga video said gamesbeat
552,2012,NMF,2.0,apple ipad samsung iphone percent galaxy device tablet devices quarter
553,2012,NMF,3.0,facebook social twitter users ads friends ipo instagram zuckerberg network
554,2012,NMF,4.0,google search maps android nexus results youtube page data browser
555,2012,NMF,5.0,company million companies startup data funding new business said round
556,2012,LDA,0.0,facebook social users twitter new content people site like media
557,2012,LDA,1.0,company data companies new cloud service business startup million funding
558,2012,LDA,2.0,app google mobile apps android users ios new developers like
559,2012,LDA,3.0,apple new microsoft windows ipad iphone devices tablet device tv
560,2012,LDA,4.0,million company percent year said mobile billion market revenue zynga
561,2012,LDA,5.0,game games like people time new said make world way
562,2012,NMF,0.0,like people new time twitter video site way content don
563,2012,NMF,1.0,game games players play gaming zynga gamesbeat player said title
564,2012,NMF,2.0,apple ipad samsung iphone galaxy tablet device devices windows percent
565,2012,NMF,3.0,facebook social users ads twitter friends ipo instagram zuckerberg network
566,2012,NMF,4.0,google search maps android nexus results youtube data browser page
567,2012,NMF,5.0,million company funding round capital ventures companies year raised percent
568,2012,NMF,6.0,app apps mobile android users ios developers windows store phone
569,2012,LDA,0.0,company million startup funding companies new capital round startups investors
570,2012,LDA,1.0,data service cloud users company content new customers services use
571,2012,LDA,2.0,app google mobile apps android users new ios phone developers
572,2012,LDA,3.0,apple microsoft new windows ipad video tv iphone device tablet
573,2012,LDA,4.0,million company percent year billion said mobile market sales revenue
574,2012,LDA,5.0,game games like new play time players said gaming world
575,2012,LDA,6.0,facebook people like social twitter time new don want make
576,2012,NMF,0.0,like people new time twitter video site way content don
577,2012,NMF,1.0,game games players play gaming zynga gamesbeat player said title
578,2012,NMF,2.0,apple ipad iphone samsung galaxy device percent tablet mini ios
579,2012,NMF,3.0,facebook social users ads twitter friends ipo zuckerberg instagram network
580,2012,NMF,4.0,google search maps android nexus results youtube data browser page
581,2012,NMF,5.0,million company funding round capital ventures companies year raised percent
582,2012,NMF,6.0,app apps mobile users android ios developers store iphone new
583,2012,NMF,7.0,windows microsoft phone nokia tablet devices surface os android device
584,2012,LDA,0.0,facebook social million company funding round users new ventures media
585,2012,LDA,1.0,data service company cloud new customers users services online use
586,2012,LDA,2.0,app google mobile apps users new android ios developers search
587,2012,LDA,3.0,apple windows microsoft ipad new devices iphone device tablet phone
588,2012,LDA,4.0,million percent company year mobile billion market said sales revenue
589,2012,LDA,5.0,game games new play gaming players said video gamesbeat zynga
590,2012,LDA,6.0,companies startup company new said startups technology business tech founder
591,2012,LDA,7.0,like people time don really make think want way know
592,2012,NMF,0.0,people like time new twitter don make way want startup
593,2012,NMF,1.0,game games players play gaming zynga gamesbeat player said title
594,2012,NMF,2.0,apple ipad iphone samsung galaxy percent device ios tablet mini
595,2012,NMF,3.0,facebook social users ads twitter friends ipo zuckerberg instagram network
596,2012,NMF,4.0,google search maps android nexus results data browser page drive
597,2012,NMF,5.0,million company funding round capital ventures percent companies year raised
598,2012,NMF,6.0,app apps mobile users android ios developers store iphone user
599,2012,NMF,7.0,windows microsoft phone nokia tablet devices surface os android device
600,2012,NMF,8.0,video tv content videos youtube music netflix amazon streaming service
601,2012,LDA,0.0,company million startup funding new capital companies round startups investors
602,2012,LDA,1.0,users new site service like company search user twitter use
603,2012,LDA,2.0,app mobile google apps android ios users developers new iphone
604,2012,LDA,3.0,apple microsoft windows new ipad iphone device samsung tablet phone
605,2012,LDA,4.0,million company percent year billion said mobile market quarter revenue
606,2012,LDA,5.0,game games like time new play people said players world
607,2012,LDA,6.0,facebook social people twitter like friends news instagram photo new
608,2012,LDA,7.0,data cloud technology companies business said software company new use
609,2012,LDA,8.0,content video tv amazon music ad new online media service
610,2012,NMF,0.0,people like time new twitter don startup want make way
611,2012,NMF,1.0,game games players play gaming zynga gamesbeat player said title
612,2012,NMF,2.0,apple ipad iphone samsung galaxy device ios tablet mini percent
613,2012,NMF,3.0,facebook social users ads twitter friends zuckerberg ipo instagram network
614,2012,NMF,4.0,google search maps android nexus results browser page engine drive
615,2012,NMF,5.0,million company funding round capital percent year ventures raised investors
616,2012,NMF,6.0,app apps mobile users android ios developers store iphone user
617,2012,NMF,7.0,windows microsoft phone nokia tablet devices surface os android device
618,2012,NMF,8.0,video tv content videos youtube music netflix streaming service media
619,2012,NMF,9.0,data cloud customers service enterprise services storage software amazon companies
620,2012,LDA,0.0,company startup million funding companies new capital startups round investors
621,2012,LDA,1.0,data cloud service company customers services new use business users
622,2012,LDA,2.0,app mobile apps android ios new phone users iphone developers
623,2012,LDA,3.0,apple microsoft windows ipad new tablet iphone devices tablets device
624,2012,LDA,4.0,million percent company year billion said market mobile revenue sales
625,2012,LDA,5.0,game games play gaming players new said gamesbeat zynga developers
626,2012,LDA,6.0,facebook social users twitter people new site venturebeat friends like
627,2012,LDA,7.0,like people time don make really way think want going
628,2012,LDA,8.0,video content tv music amazon new media ad service digital
629,2012,LDA,9.0,google search samsung patent yahoo maps company patents galaxy nexus
630,2013,NMF,0.0,company million data companies said funding startup new business round
631,2013,NMF,1.0,game games xbox players gaming play playstation gamesbeat console developer
632,2013,NMF,2.0,app facebook users apps mobile twitter social like android people
633,2013,NMF,3.0,apple iphone samsung percent ipad devices device phone android ios
634,2013,NMF,4.0,google glass search android maps data microsoft reader play information
635,2013,LDA,0.0,company million startup funding said new companies startups people capital
636,2013,LDA,1.0,game games like new microsoft time apple said xbox play
637,2013,LDA,2.0,data cloud company service new customers companies like services said
638,2013,LDA,3.0,app google users facebook apps new like mobile twitter people
639,2013,LDA,4.0,million mobile company percent year market billion said apple revenue
640,2013,NMF,0.0,data like people said new time make work way want
641,2013,NMF,1.0,game games xbox players gaming play playstation console gamesbeat developer
642,2013,NMF,2.0,app facebook apps users mobile twitter android ios social developers
643,2013,NMF,3.0,apple iphone samsung ipad devices percent android device phone ios
644,2013,NMF,4.0,google glass search android maps play reader microsoft youtube page
645,2013,NMF,5.0,million company funding round capital raised ventures investors percent startup
646,2013,LDA,0.0,company million companies startup funding new said startups capital investors
647,2013,LDA,1.0,apple devices android device microsoft new phone iphone windows google
648,2013,LDA,2.0,data company cloud service customers new services business mobile companies
649,2013,LDA,3.0,app google users facebook new apps like twitter social people
650,2013,LDA,4.0,million percent company mobile year billion said revenue market sales
651,2013,LDA,5.0,game games like new time people said make xbox world
652,2013,NMF,0.0,data like people new said time make way work want
653,2013,NMF,1.0,game games xbox players gaming play playstation console gamesbeat developer
654,2013,NMF,2.0,app apps mobile users android ios developers store user windows
655,2013,NMF,3.0,apple iphone samsung ipad percent devices device quarter phone ios
656,2013,NMF,4.0,google glass search android maps reader play microsoft youtube page
657,2013,NMF,5.0,million company funding round capital raised ventures investors startup companies
658,2013,NMF,6.0,facebook twitter social ads users ad feed instagram search friends
659,2013,LDA,0.0,company startup million companies funding new startups said capital investors
660,2013,LDA,1.0,apple devices android microsoft device new phone iphone windows samsung
661,2013,LDA,2.0,data company cloud customers service new services mobile business companies
662,2013,LDA,3.0,app google users facebook apps like twitter new mobile social
663,2013,LDA,4.0,video content tv music new media digital service amazon online
664,2013,LDA,5.0,game games like new time said people make world players
665,2013,LDA,6.0,million percent company year mobile billion market said revenue sales
666,2013,NMF,0.0,like people data new said time make way want work
667,2013,NMF,1.0,game games players gaming play xbox playstation gamesbeat developer nintendo
668,2013,NMF,2.0,app apps mobile users android ios developers store user new
669,2013,NMF,3.0,apple iphone samsung ipad percent ios quarter devices device smartphone
670,2013,NMF,4.0,google glass search android maps reader play youtube page results
671,2013,NMF,5.0,million company funding round capital raised ventures investors companies startup
672,2013,NMF,6.0,facebook twitter social ads ad users feed search instagram friends
673,2013,NMF,7.0,microsoft windows xbox phone nokia surface sony console cloud playstation
674,2013,LDA,0.0,people said like time company new companies make work data
675,2013,LDA,1.0,google app apps new apple android device microsoft devices ios
676,2013,LDA,2.0,data company cloud service customers new business said services platform
677,2013,LDA,3.0,facebook app users social twitter mobile people like new search
678,2013,LDA,4.0,video content music tv new amazon service digital media videos
679,2013,LDA,5.0,game games like new xbox said players time play gaming
680,2013,LDA,6.0,million funding company capital investors startup round raised companies startups
681,2013,LDA,7.0,percent million mobile company year apple market billion said revenue
682,2013,NMF,0.0,like people new time said make video want way work
683,2013,NMF,1.0,game games players gaming play xbox playstation gamesbeat developer nintendo
684,2013,NMF,2.0,app apps mobile users android ios developers store user new
685,2013,NMF,3.0,apple iphone samsung ipad percent ios devices quarter device china
686,2013,NMF,4.0,google glass search android maps reader play youtube page results
687,2013,NMF,5.0,million company funding round capital raised ventures investors startup percent
688,2013,NMF,6.0,facebook twitter social ads ad users feed search instagram friends
689,2013,NMF,7.0,microsoft windows xbox phone nokia surface sony console playstation devices
690,2013,NMF,8.0,data cloud security information companies nsa services analytics customers enterprise
691,2013,LDA,0.0,people like said time make work way don want world
692,2013,LDA,1.0,google data information microsoft glass government security search nsa internet
693,2013,LDA,2.0,data company cloud customers business service said companies services new
694,2013,LDA,3.0,facebook users social twitter app mobile people like new ad
695,2013,LDA,4.0,video content tv music amazon new service digital media videos
696,2013,LDA,5.0,game games like xbox new players play said gaming time
697,2013,LDA,6.0,million funding company startup capital investors round companies startups raised
698,2013,LDA,7.0,apple percent year million company mobile market billion samsung said
699,2013,LDA,8.0,app apps new mobile android device developers devices ios like
700,2013,NMF,0.0,people like new time said make want way work don
701,2013,NMF,1.0,game games players gaming play xbox playstation gamesbeat developer nintendo
702,2013,NMF,2.0,app apps mobile users android ios developers store user new
703,2013,NMF,3.0,apple iphone samsung ipad percent ios devices quarter device china
704,2013,NMF,4.0,google glass search android maps reader play youtube page results
705,2013,NMF,5.0,million company funding round capital raised ventures investors startup percent
706,2013,NMF,6.0,facebook social ads friends search feed ad mobile users home
707,2013,NMF,7.0,microsoft windows xbox phone nokia surface sony console playstation devices
708,2013,NMF,8.0,data cloud security services information companies nsa analytics customers enterprise
709,2013,NMF,9.0,twitter social tv music media video content users ad service
710,2013,LDA,0.0,million company startup funding capital startups companies investors round raised
711,2013,LDA,1.0,google apple iphone android new glass ipad like ios device
712,2013,LDA,2.0,data company customers cloud business service services companies said new
713,2013,LDA,3.0,app mobile apps users developers new ios android like web
714,2013,LDA,4.0,video content music tv new students digital service videos media
715,2013,LDA,5.0,game games like said new time players people play world
716,2013,LDA,6.0,data people said information technology health like time government new
717,2013,LDA,7.0,percent million mobile company year billion market said revenue quarter
718,2013,LDA,8.0,microsoft device devices new windows hardware xbox software phone screen
719,2013,LDA,9.0,facebook social twitter users people like ad ads search site
720,2014,NMF,0.0,company million data companies funding round said startup new capital
721,2014,NMF,1.0,game games xbox players gaming play playstation gamesbeat nintendo like
722,2014,NMF,2.0,app google apps users android like phone new mobile ios
723,2014,NMF,3.0,facebook twitter social mobile ad ads users content advertising media
724,2014,NMF,4.0,apple iphone ipad samsung ios device devices watch new patent
725,2014,LDA,0.0,company data companies million new said business funding based startup
726,2014,LDA,1.0,people like time make don want way said new think
727,2014,LDA,2.0,company million percent year microsoft billion amazon market new said
728,2014,LDA,3.0,app users google mobile new apps facebook apple android like
729,2014,LDA,4.0,game games new like players xbox play gaming said credit
730,2014,NMF,0.0,company million data companies funding said round startup new capital
731,2014,NMF,1.0,game games xbox players gaming play playstation gamesbeat nintendo like
732,2014,NMF,2.0,app apps users mobile ios android like phone new user
733,2014,NMF,3.0,facebook twitter social ad ads mobile users content media advertising
734,2014,NMF,4.0,apple iphone device samsung ipad devices ios new watch phone
735,2014,NMF,5.0,google microsoft android cloud search amazon glass data windows services
736,2014,LDA,0.0,company million data companies new funding business said based startup
737,2014,LDA,1.0,people like time make said new don way want work
738,2014,LDA,2.0,company microsoft million year percent amazon market billion mobile new
739,2014,LDA,3.0,facebook data mobile social content users twitter ad media said
740,2014,LDA,4.0,game games like players new xbox gaming play said credit
741,2014,LDA,5.0,app new google apps users apple like android mobile device
742,2014,NMF,0.0,million company funding round capital raised ventures investors startup partners
743,2014,NMF,1.0,game games xbox players gaming play playstation gamesbeat nintendo mobile
744,2014,NMF,2.0,app apps mobile users ios android store developers user phone
745,2014,NMF,3.0,facebook twitter social ad ads mobile users content media advertising
746,2014,NMF,4.0,apple iphone device samsung ipad devices ios new watch phone
747,2014,NMF,5.0,google android microsoft search glass cloud amazon windows apps play
748,2014,NMF,6.0,data like people said time companies new technology company make
749,2014,LDA,0.0,company data million new funding business cloud customers service said
750,2014,LDA,1.0,like people time make don want way said think work
751,2014,LDA,2.0,company microsoft million year percent amazon market billion apple sales
752,2014,LDA,3.0,facebook mobile users social content twitter app ad media ads
753,2014,LDA,4.0,game games players xbox gaming new play said like playstation
754,2014,LDA,5.0,app google new apps apple android users device devices like
755,2014,LDA,6.0,companies technology data health tech new said security startups internet
756,2014,NMF,0.0,million company funding round capital raised ventures investors startup venture
757,2014,NMF,1.0,game games xbox players gaming play playstation mobile nintendo gamesbeat
758,2014,NMF,2.0,like people time new make said way want don work
759,2014,NMF,3.0,app apps mobile users ios android store developers user phone
760,2014,NMF,4.0,apple iphone ipad device samsung devices ios new watch phone
761,2014,NMF,5.0,google android search glass microsoft amazon cloud play apps new
762,2014,NMF,6.0,data cloud security microsoft software companies health customers analytics information
763,2014,NMF,7.0,facebook twitter social ad ads mobile users advertising media content
764,2014,LDA,0.0,data cloud company customers business marketing companies software service new
765,2014,LDA,1.0,like people time make don want way think really things
766,2014,LDA,2.0,microsoft year percent apple company amazon million market billion sales
767,2014,LDA,3.0,mobile app facebook users social twitter ad content apps ads
768,2014,LDA,4.0,game games players xbox gaming play new said like playstation
769,2014,LDA,5.0,app new google android apps like apple device users video
770,2014,LDA,6.0,data health security technology said internet information companies google government
771,2014,LDA,7.0,company million funding new startup companies capital round investors raised
772,2014,NMF,0.0,million company funding round capital raised ventures investors startup venture
773,2014,NMF,1.0,game games players gaming play mobile xbox nintendo gamesbeat playstation
774,2014,NMF,2.0,like people time new make said way want don work
775,2014,NMF,3.0,app apps mobile users ios android store developers user messaging
776,2014,NMF,4.0,apple iphone ipad device samsung ios devices watch new music
777,2014,NMF,5.0,google android search glass amazon cloud play apps web engine
778,2014,NMF,6.0,data cloud health security companies software customers analytics information marketing
779,2014,NMF,7.0,facebook twitter social ad ads mobile users advertising media content
780,2014,NMF,8.0,microsoft windows xbox cloud phone sony playstation nokia office surface
781,2014,LDA,0.0,data cloud company software companies business marketing customers said new
782,2014,LDA,1.0,like people time make don want way think really things
783,2014,LDA,2.0,microsoft apple year percent company market million mobile billion new
784,2014,LDA,3.0,facebook mobile social content users twitter ad media ads video
785,2014,LDA,4.0,game games xbox players gaming play new said playstation gamesbeat
786,2014,LDA,5.0,app google new apps users android ios mobile like device
787,2014,LDA,6.0,health tech companies technology said internet data new google information
788,2014,LDA,7.0,company million funding startup new round capital investors raised companies
789,2014,LDA,8.0,service amazon music online services card new company bitcoin pay
790,2014,NMF,0.0,million company funding round capital raised ventures investors startup venture
791,2014,NMF,1.0,game games players gaming play mobile xbox nintendo playstation gamesbeat
792,2014,NMF,2.0,like people time new make said way want don work
793,2014,NMF,3.0,app apps mobile users ios android store developers user messaging
794,2014,NMF,4.0,apple iphone ipad samsung ios device devices watch new patent
795,2014,NMF,5.0,google android search glass play apps engine project web cloud
796,2014,NMF,6.0,data cloud health security software companies analytics customers information marketing
797,2014,NMF,7.0,facebook twitter social ad ads users mobile media advertising content
798,2014,NMF,8.0,microsoft windows xbox playstation nokia sony phone cloud office surface
799,2014,NMF,9.0,amazon music tv service streaming video cloud content services netflix
800,2014,LDA,0.0,data company business customers marketing companies software said platform new
801,2014,LDA,1.0,game games like players new xbox gaming said play credit
802,2014,LDA,2.0,microsoft percent million company year billion market mobile sales revenue
803,2014,LDA,3.0,facebook social content mobile twitter users ad media ads video
804,2014,LDA,4.0,health devices device new technology hardware like smart samsung use
805,2014,LDA,5.0,like app people new time users want way don make
806,2014,LDA,6.0,data security google internet said cloud companies information public government
807,2014,LDA,7.0,million company funding new startup capital round companies investors raised
808,2014,LDA,8.0,people like time make work world don think way need
809,2014,LDA,9.0,app google apple apps mobile android new users ios developers
810,2015,NMF,0.0,company million companies data said startup business funding new round
811,2015,NMF,1.0,game games players gaming play xbox nintendo playstation gamesbeat like
812,2015,NMF,2.0,app users facebook mobile twitter apps content video user ad
813,2015,NMF,3.0,apple watch iphone music tv new device ios ipad samsung
814,2015,NMF,4.0,google microsoft windows android search cloud chrome new devices apps
815,2015,LDA,0.0,game games new apple like play image credit time watch
816,2015,LDA,1.0,company companies million new business said data startup technology capital
817,2015,LDA,2.0,people like time data make said way don want work
818,2015,LDA,3.0,app google users new apps mobile facebook microsoft android user
819,2015,LDA,4.0,mobile percent million year company said billion ad video content
820,2015,NMF,0.0,data like companies people technology said time company new marketing
821,2015,NMF,1.0,game games players gaming xbox play nintendo playstation mobile gamesbeat
822,2015,NMF,2.0,app facebook users mobile apps twitter content video ad user
823,2015,NMF,3.0,apple watch iphone music tv new device ios ipad samsung
824,2015,NMF,4.0,google microsoft android windows search chrome cloud new apps devices
825,2015,NMF,5.0,million company funding round capital raised billion percent ventures investors
826,2015,LDA,0.0,data technology cloud software new said companies use security information
827,2015,LDA,1.0,company million companies new startup business capital funding said round
828,2015,LDA,2.0,like people time make don way want said work going
829,2015,LDA,3.0,app google users new apps facebook android mobile twitter company
830,2015,LDA,4.0,mobile percent marketing company million year said sales ad content
831,2015,LDA,5.0,game games apple new play gaming players like microsoft mobile
832,2015,NMF,0.0,data like companies people technology said time company marketing new
833,2015,NMF,1.0,game games players gaming play nintendo playstation xbox mobile gamesbeat
834,2015,NMF,2.0,app facebook users mobile apps twitter content video ad user
835,2015,NMF,3.0,apple watch iphone music tv new device ios ipad streaming
836,2015,NMF,4.0,google android search chrome cloud maps new project play apps
837,2015,NMF,5.0,million company funding round capital raised billion ventures percent investors
838,2015,NMF,6.0,microsoft windows xbox cloud office new phone build operating devices
839,2015,LDA,0.0,apple new watch device devices vr phone iphone virtual samsung
840,2015,LDA,1.0,company million new companies startup said capital year business funding
841,2015,LDA,2.0,data companies technology said business company marketing time new people
842,2015,LDA,3.0,app google users apps mobile new microsoft android windows company
843,2015,LDA,4.0,facebook content mobile video twitter ad social marketing users media
844,2015,LDA,5.0,game games mobile year gaming said players new play percent
845,2015,LDA,6.0,like people time make want don way ll going really
846,2015,NMF,0.0,people like time make said work new don want way
847,2015,NMF,1.0,game games players gaming play mobile nintendo playstation xbox gamesbeat
848,2015,NMF,2.0,app facebook users mobile apps twitter content video ios user
849,2015,NMF,3.0,apple watch iphone music tv new device ios ipad streaming
850,2015,NMF,4.0,google android search chrome maps cloud new project play apps
851,2015,NMF,5.0,million company funding round capital raised billion ventures investors year
852,2015,NMF,6.0,microsoft windows xbox office new cloud phone build operating devices
853,2015,NMF,7.0,data marketing cloud customer customers analytics security companies information business
854,2015,LDA,0.0,data cloud technology software security new use said information companies
855,2015,LDA,1.0,company million startup capital funding new round companies investors raised
856,2015,LDA,2.0,people like time make don work way company need said
857,2015,LDA,3.0,app users google facebook apps mobile new twitter user content
858,2015,LDA,4.0,mobile marketing service company customers business online said content services
859,2015,LDA,5.0,percent year million company billion market said revenue china sales
860,2015,LDA,6.0,apple microsoft new windows android device phone watch devices iphone
861,2015,LDA,7.0,game games like new play gaming players image credit said
862,2015,NMF,0.0,like people time make work don new want said way
863,2015,NMF,1.0,game games players gaming play nintendo mobile playstation xbox gamesbeat
864,2015,NMF,2.0,app mobile apps users android ios user store developers phone
865,2015,NMF,3.0,apple watch iphone music tv new streaming device ipad samsung
866,2015,NMF,4.0,google android search chrome maps cloud new project play web
867,2015,NMF,5.0,million company funding round capital raised billion ventures investors year
868,2015,NMF,6.0,microsoft windows xbox office new cloud build operating phone pc
869,2015,NMF,7.0,data marketing cloud customer customers analytics security companies mobile information
870,2015,NMF,8.0,facebook twitter video content social ad ads users live media
871,2015,LDA,0.0,data cloud security technology said software companies information use services
872,2015,LDA,1.0,company million startup capital funding new companies round investors raised
873,2015,LDA,2.0,marketing companies business company technology team tech customer product work
874,2015,LDA,3.0,app users google facebook mobile apps content new twitter user
875,2015,LDA,4.0,percent mobile company million year said billion market revenue china
876,2015,LDA,5.0,apple watch music iphone tv new samsung devices ios device
877,2015,LDA,6.0,microsoft new windows android google amazon phone device available company
878,2015,LDA,7.0,like people time don make want way going really ll
879,2015,LDA,8.0,game games new gaming play players said image vr xbox
880,2015,NMF,0.0,people like time make work don want said way new
881,2015,NMF,1.0,game games players gaming play nintendo mobile xbox playstation gamesbeat
882,2015,NMF,2.0,app mobile apps users android ios user store developers phone
883,2015,NMF,3.0,apple watch iphone device ipad new tv samsung music ios
884,2015,NMF,4.0,google android search chrome maps project new cloud play web
885,2015,NMF,5.0,million company funding round capital raised billion ventures investors startup
886,2015,NMF,6.0,microsoft windows xbox office new cloud build operating phone pc
887,2015,NMF,7.0,data marketing cloud customer customers analytics security companies mobile information
888,2015,NMF,8.0,facebook twitter social ads ad video users content live people
889,2015,NMF,9.0,amazon music service tv streaming video content netflix spotify services
890,2015,LDA,0.0,data google cloud software security said company new information use
891,2015,LDA,1.0,companies technology business new industry company tech said world com
892,2015,LDA,2.0,company million startup capital funding companies round investors new raised
893,2015,LDA,3.0,mobile marketing percent customers customer ad sales company business data
894,2015,LDA,4.0,service music new amazon company tv uber services streaming car
895,2015,LDA,5.0,game games gaming year players mobile said new play million
896,2015,LDA,6.0,microsoft windows new update office xbox company version release features
897,2015,LDA,7.0,like people time make don want ll way going lot
898,2015,LDA,8.0,facebook content twitter users video social vr people media new
899,2015,LDA,9.0,app apple apps android new device phone watch ios mobile
900,2016,NMF,0.0,company million companies said data startup business technology new year
901,2016,NMF,1.0,game games players gaming pc nintendo xbox pokmon play gamesbeat
902,2016,NMF,2.0,app google facebook users apps mobile android bot twitter bots
903,2016,NMF,3.0,vr oculus virtual reality headset vive rift htc samsung ar
904,2016,NMF,4.0,apple iphone ios watch music tv samsung new app devices
905,2016,LDA,0.0,data google users bot new use bots service information platform
906,2016,LDA,1.0,apple new company like devices device car google time uber
907,2016,LDA,2.0,people like companies time make think going tech don years
908,2016,LDA,3.0,game games app vr new like mobile video facebook content
909,2016,LDA,4.0,company million said year percent billion market new business mobile
910,2016,NMF,0.0,company million companies said data startup business technology new year
911,2016,NMF,1.0,game games players gaming pc xbox nintendo pokmon play gamesbeat
912,2016,NMF,2.0,app facebook users bot twitter bots apps video people mobile
913,2016,NMF,3.0,vr oculus virtual reality headset vive rift htc samsung ar
914,2016,NMF,4.0,apple iphone ios watch app music tv new samsung devices
915,2016,NMF,5.0,google android search microsoft cloud apps app devices amazon new
916,2016,LDA,0.0,data google cloud new microsoft service said security information software
917,2016,LDA,1.0,technology new car uber company said driving cars like devices
918,2016,LDA,2.0,like people time make lot don want going way think
919,2016,LDA,3.0,app facebook users mobile bot apps bots content like vr
920,2016,LDA,4.0,company million said companies year percent business market billion new
921,2016,LDA,5.0,game games new apple vr gaming mobile like players play
922,2016,NMF,0.0,company million companies data said startup business capital year funding
923,2016,NMF,1.0,game games players gaming pc xbox nintendo pokmon play gamesbeat
924,2016,NMF,2.0,app facebook users bot twitter bots apps video people like
925,2016,NMF,3.0,vr oculus virtual reality headset vive rift htc samsung ar
926,2016,NMF,4.0,apple iphone ios watch app music tv new samsung devices
927,2016,NMF,5.0,google android search microsoft cloud apps app devices amazon new
928,2016,NMF,6.0,car uber cars driving tesla vehicles self autonomous drivers vehicle
929,2016,LDA,0.0,google data cloud microsoft new customers service company software platform
930,2016,LDA,1.0,technology new car uber company like said device cars use
931,2016,LDA,2.0,like people time make lot don going think want way
932,2016,LDA,3.0,app vr users facebook bot apps bots mobile like new
933,2016,LDA,4.0,company million year said companies billion market percent new business
934,2016,LDA,5.0,game games new apple gaming like mobile play players pc
935,2016,LDA,6.0,data twitter said social marketing facebook percent media ad users
936,2016,NMF,0.0,company million companies data said startup business capital year funding
937,2016,NMF,1.0,game games players gaming pc xbox nintendo pokmon play gamesbeat
938,2016,NMF,2.0,app facebook users twitter video apps mobile content live people
939,2016,NMF,3.0,vr oculus virtual reality headset vive rift htc samsung ar
940,2016,NMF,4.0,apple iphone watch ios music samsung tv new devices device
941,2016,NMF,5.0,google android search cloud microsoft apps amazon data devices assistant
942,2016,NMF,6.0,car uber cars driving tesla vehicles self autonomous drivers vehicle
943,2016,NMF,7.0,bot bots messenger chatbots ai chatbot messaging facebook slack chat
944,2016,LDA,0.0,data google cloud microsoft new customers software customer ai platform
945,2016,LDA,1.0,technology car new said driving cars devices smart home device
946,2016,LDA,2.0,like people time lot make don going want way think
947,2016,LDA,3.0,app vr facebook users bot apps bots mobile video like
948,2016,LDA,4.0,company million companies year said billion market business capital percent
949,2016,LDA,5.0,game games new apple gaming mobile players play pc android
950,2016,LDA,6.0,percent said marketing twitter social media data ad content people
951,2016,LDA,7.0,company service new amazon uber services customers said like users
952,2016,NMF,0.0,company million companies data said startup business capital funding year
953,2016,NMF,1.0,game games players gaming nintendo pokmon pc play gamesbeat like
954,2016,NMF,2.0,app facebook users twitter video mobile apps content live people
955,2016,NMF,3.0,vr oculus virtual reality headset vive rift htc samsung ar
956,2016,NMF,4.0,apple iphone watch ios music samsung tv new devices device
957,2016,NMF,5.0,google android search apps assistant cloud amazon play devices app
958,2016,NMF,6.0,car uber cars driving tesla vehicles self autonomous drivers vehicle
959,2016,NMF,7.0,microsoft windows xbox cloud aws data software update devices build
960,2016,NMF,8.0,bot bots messenger chatbots ai chatbot messaging slack facebook chat
961,2016,LDA,0.0,data cloud technology software security ai new microsoft customers learning
962,2016,LDA,1.0,car uber new technology cars said driving self tesla city
963,2016,LDA,2.0,like people time don make want think going way lot
964,2016,LDA,3.0,game games vr gaming like players new image gamesbeat credit
965,2016,LDA,4.0,company million companies capital startup funding new business investors startups
966,2016,LDA,5.0,apple new microsoft device windows pokmon devices nintendo music company
967,2016,LDA,6.0,facebook twitter content social marketing video media users ad news
968,2016,LDA,7.0,company percent million year said billion market revenue sales business
969,2016,LDA,8.0,app google users apps bot mobile bots new like user
970,2016,NMF,0.0,company million companies data said startup business capital funding year
971,2016,NMF,1.0,game games players gaming nintendo pc pokmon gamesbeat play like
972,2016,NMF,2.0,app users apps mobile ios android like user store new
973,2016,NMF,3.0,vr oculus virtual reality headset vive rift htc samsung ar
974,2016,NMF,4.0,apple iphone watch ios music tv samsung year percent new
975,2016,NMF,5.0,google android search cloud assistant amazon play data web apps
976,2016,NMF,6.0,car uber cars driving tesla vehicles self autonomous drivers vehicle
977,2016,NMF,7.0,microsoft windows xbox cloud aws data software update pc build
978,2016,NMF,8.0,bot bots messenger chatbots ai chatbot messaging slack chat human
979,2016,NMF,9.0,facebook twitter video live social content media users news people
980,2016,LDA,0.0,data technology cloud security software new ai companies information learning
981,2016,LDA,1.0,vr reality virtual car oculus cars technology driving headset tesla
982,2016,LDA,2.0,percent mobile year market billion million revenue sales apple growth
983,2016,LDA,3.0,customers service customer company new amazon business like product online
984,2016,LDA,4.0,million companies capital startup company funding startups investors tech venture
985,2016,LDA,5.0,game games new gaming players play pc image credit gamesbeat
986,2016,LDA,6.0,facebook content twitter social video users media marketing ad news
987,2016,LDA,7.0,company said million year new uber service announced deal ceo
988,2016,LDA,8.0,app google apps users bot new bots android mobile like
989,2016,LDA,9.0,like people time make don lot want way going think
990,2017,NMF,0.0,company million companies said data startup year capital funding business
991,2017,NMF,1.0,game games pc dev gaming players nintendo play intel gamesbeat
992,2017,NMF,2.0,google app facebook users apple like apps new android feature
993,2017,NMF,3.0,uber car driving cars self autonomous vehicles vehicle drivers driver
994,2017,NMF,4.0,vr oculus reality virtual headset ar content experiences experience augmented
995,2017,LDA,0.0,company million companies year said new percent business billion market
996,2017,LDA,1.0,facebook app users google content new people twitter social company
997,2017,LDA,2.0,game games new vr like gaming pc google play use
998,2017,LDA,3.0,data ai technology said learning new car companies machine intelligence
999,2017,LDA,4.0,like company people time make apple said going way new
1000,2017,NMF,0.0,million company companies said startup year capital funding billion investors
1001,2017,NMF,1.0,game games pc dev gaming players nintendo play intel gamesbeat
1002,2017,NMF,2.0,google app facebook users apple apps android new like feature
1003,2017,NMF,3.0,ai data learning machine intelligence human technology customer artificial like
1004,2017,NMF,4.0,vr oculus reality virtual headset ar experiences content experience augmented
1005,2017,NMF,5.0,uber car driving cars self autonomous vehicles vehicle drivers driver
1006,2017,LDA,0.0,million company companies startup new capital year investors market funding
1007,2017,LDA,1.0,data said company percent year companies security services cloud new
1008,2017,LDA,2.0,game games new google gaming like pc play mobile players
1009,2017,LDA,3.0,ai technology vr data learning machine like new world intelligence
1010,2017,LDA,4.0,like people company time make way want going new don
1011,2017,LDA,5.0,facebook app users content twitter new video social people media
1012,2017,NMF,0.0,million company capital funding year billion companies investors percent startup
1013,2017,NMF,1.0,game games pc dev gaming players nintendo play intel gamesbeat
1014,2017,NMF,2.0,google app apple android assistant apps amazon alexa users devices
1015,2017,NMF,3.0,data ai like people learning technology time machine new make
1016,2017,NMF,4.0,vr oculus reality virtual headset ar experiences content experience samsung
1017,2017,NMF,5.0,uber car driving cars self drivers autonomous vehicles vehicle driver
1018,2017,NMF,6.0,facebook twitter users app content live video messenger social snapchat
1019,2017,LDA,0.0,company million companies said year market new business startup capital
1020,2017,LDA,1.0,said security data tech companies trump new government information president
1021,2017,LDA,2.0,game games new google gaming pc like play players microsoft
1022,2017,LDA,3.0,data ai vr technology learning machine intelligence software new use
1023,2017,LDA,4.0,like people time make company way want going don ll
1024,2017,LDA,5.0,uber car cars driving vehicles vehicle self autonomous drivers company
1025,2017,LDA,6.0,app facebook users apple content mobile company new percent video
1026,2017,NMF,0.0,million company capital funding year billion companies investors percent round
1027,2017,NMF,1.0,game games pc dev gaming players nintendo play intel gamesbeat
1028,2017,NMF,2.0,google app apple android assistant apps amazon alexa users devices
1029,2017,NMF,3.0,data ai like people learning technology time machine new make
1030,2017,NMF,4.0,vr oculus reality virtual headset ar experiences content experience samsung
1031,2017,NMF,5.0,uber car driving cars self drivers autonomous vehicles vehicle driver
1032,2017,NMF,6.0,facebook twitter users app content live video messenger social snapchat
1033,2017,NMF,7.0,john street francisco techcrunch san disrupt startup york ll event
1034,2017,LDA,0.0,company million companies said market capital business new year funding
1035,2017,LDA,1.0,technology tech startup new company world space startups like health
1036,2017,LDA,2.0,google app new apps users amazon microsoft apple like devices
1037,2017,LDA,3.0,data ai said learning intelligence companies machine security information technology
1038,2017,LDA,4.0,like people time make company way want don going think
1039,2017,LDA,5.0,uber car cars driving vehicles vehicle self autonomous company drivers
1040,2017,LDA,6.0,facebook percent content year million company users twitter social video
1041,2017,LDA,7.0,game games vr gaming new pc like players said dev
1042,2017,NMF,0.0,million company capital funding companies billion year investors startup round
1043,2017,NMF,1.0,game games pc dev gaming players nintendo play intel gamesbeat
1044,2017,NMF,2.0,google android assistant cloud app alexa amazon microsoft home search
1045,2017,NMF,3.0,data ai like people time learning technology new machine make
1046,2017,NMF,4.0,vr oculus reality virtual headset ar experiences content experience samsung
1047,2017,NMF,5.0,uber car driving cars self drivers autonomous vehicles vehicle driver
1048,2017,NMF,6.0,facebook app users twitter content video live messenger social snapchat
1049,2017,NMF,7.0,john street francisco techcrunch san disrupt startup york ll event
1050,2017,NMF,8.0,apple iphone app samsung music ios device devices apps percent
1051,2017,LDA,0.0,company million companies capital said new funding business investors market
1052,2017,LDA,1.0,tech startup startups san new space event world like health
1053,2017,LDA,2.0,app google new users apps like amazon available android microsoft
1054,2017,LDA,3.0,data ai technology learning machine cloud intelligence software human companies
1055,2017,LDA,4.0,like company people time make way want don going think
1056,2017,LDA,5.0,car uber cars driving vehicles vehicle self autonomous technology company
1057,2017,LDA,6.0,percent facebook million year apple company mobile billion content revenue
1058,2017,LDA,7.0,game games vr gaming new like pc players said dev
1059,2017,LDA,8.0,said facebook twitter people security trump data news information government
1060,2017,NMF,0.0,million company capital funding companies billion year investors startup round
1061,2017,NMF,1.0,game games pc dev gaming players intel play enturebeat tips
1062,2017,NMF,2.0,google android assistant cloud app alexa amazon microsoft home search
1063,2017,NMF,3.0,data ai like people time learning technology new machine make
1064,2017,NMF,4.0,vr oculus reality virtual headset ar experiences content experience samsung
1065,2017,NMF,5.0,uber car driving cars self drivers autonomous vehicles vehicle driver
1066,2017,NMF,6.0,facebook app users twitter content video live messenger social snapchat
1067,2017,NMF,7.0,john street francisco techcrunch san disrupt startup york ll event
1068,2017,NMF,8.0,nintendo switch console games game super launch new play xbox
1069,2017,NMF,9.0,apple iphone app samsung music ios device devices apps percent
1070,2017,LDA,0.0,million companies company startup capital funding investors startups new raised
1071,2017,LDA,1.0,ai data learning machine technology intelligence human artificial time like
1072,2017,LDA,2.0,app google new users apple apps android like available microsoft
1073,2017,LDA,3.0,uber technology said company tech ceo san intel development google
1074,2017,LDA,4.0,like people time want make way don going ll think
1075,2017,LDA,5.0,car cars driving vehicles vehicle autonomous self connected new tesla
1076,2017,LDA,6.0,facebook percent million year billion company content revenue said social
1077,2017,LDA,7.0,game games vr gaming new pc like players dev play
1078,2017,LDA,8.0,said security data trump government information companies internet new president
1079,2017,LDA,9.0,company customers cloud business new services service customer product market
